,responders_mean,responders_std,non_responders_mean,non_responders_std,mann_whitney_u,p_value,effect_size,significant,n_responders,n_non_responders
b_cell,9.797552613770158,3.3225493122890644,9.996319710875161,3.1176530420924182,459971.0,0.055702309738266224,0.04313040745873379,False,993,975
cd8_t_cell,24.881931595096706,4.91448122767098,24.94392435752586,4.417266250651491,478176.0,0.6390858847346418,0.010571564044143947,False,993,975
cd4_t_cell,30.537808341850095,5.207558326383485,29.902261776254058,4.8238645651674545,515276.0,0.013344218813937617,0.05577836904225367,True,993,975
nk_cell,14.84094427086041,4.13205538451006,15.07316621464659,3.7673860579818443,464546.0,0.12105079820428571,0.034948220772562474,False,993,975
monocyte,19.941763178422633,4.64225112539138,20.084327940698326,4.010923839606721,466510.0,0.16315013268752876,0.03143569297985419,False,993,975
